<?xml version="1.0" encoding="UTF-8" standalone="yes"?>
<addon id="plugin.video.aswizard" name="AndroidSticks Wizard" version="1.0.0" provider-name="XBMCGadgetsHUB">
  <requires>
    <import addon="xbmc.python" version="2.1.0"/>
  </requires>
  <extension point="xbmc.python.pluginsource" library="default.py">
        <provides>video executable</provides>
  </extension>
  <extension point="xbmc.addon.metadata">
    <summary lang="en">AndroidSticks Wizard</summary>
    <description lang="en">Easy Install With AndroidSticks XBMC Wizard</description>
    <platform>all</platform>
  </extension>
</addon>
